<?xml version="1.0" encoding="UTF-8"?>

<!--
 | Copyright 2001-2005 The Apache Software Foundation.
 |
 | Licensed under the Apache License, Version 2.0 (the "License");
 | you may not use this file except in compliance with the License.
 | You may obtain a copy of the License at
 |
 |      http://www.apache.org/licenses/LICENSE-2.0
 |
 | Unless required by applicable law or agreed to in writing, software
 | distributed under the License is distributed on an "AS IS" BASIS,
 | WITHOUT WARRANTIES OR CONDITIONS OF ANY KIND, either express or implied.
 | See the License for the specific language governing permissions and
 | limitations under the License.
 |
-->

<project name="S2Velocity">
  <skin>
    <groupId>org.seasar.project</groupId>
    <artifactId>seasar-skin</artifactId>
    <version>0.1.1</version>
  </skin>
  <bannerRight>
    <src>images/seasar.gif</src>
  </bannerRight>
  <body>
    <links>
      <item name="Velocity" href="http://velocity.apache.org/" />
      <item name="Seasar" href="http://www.seasar.org/"/>
    </links>

    <menu name="S2Velocity">
      <item name="Introduction" href="index.html"/>
      <item name="Download" href="download.html"/>      
      <item name="Usage" href="usage.html"/>
      <item name="Error handling" href="error_template.html"/>
    </menu>

    ${reports}
  </body>
</project>
